Title,Company,Link
"Analista de Desenvolvimento Sênior
Analista de Desenvolvimento Sênior",ARQIA,https://www.linkedin.com/jobs/view/3964326480/
"Desenvolvedor RPA
Desenvolvedor RPA",BrLight - Serviços e Consultoria em Software Público,https://www.linkedin.com/jobs/view/3318198720/
"Tech Lead - Engenheiro de Software
Tech Lead - Engenheiro de Software",BRIUS,https://www.linkedin.com/jobs/view/3959944280/
"Principal Software Architect
Principal Software Architect with verification",Wabtec Corporation,https://www.linkedin.com/jobs/view/3927450057/
"Dev Backend - Java
Dev Backend - Java with verification",Inter,https://www.linkedin.com/jobs/view/3852512326/
"Desenvolvedor (a) Back-End Sênior
Desenvolvedor (a) Back-End Sênior with verification",Hotmart,https://www.linkedin.com/jobs/view/3904652504/
"Senior Backend Engineer II
Senior Backend Engineer II with verification",Syngenta Digital Brasil,https://www.linkedin.com/jobs/view/3969203178/
"Desenvolvedor(a) IOS/ANDROID
Desenvolvedor(a) IOS/ANDROID",Treinus,https://www.linkedin.com/jobs/view/3961567779/
"Analista de TI 2 (Belo Horizonte)
Analista de TI 2 (Belo Horizonte)",WSP in Brazil,https://www.linkedin.com/jobs/view/3959561267/
"Analista de suporte - Sankhya
Analista de suporte - Sankhya",Constance Calçados,https://www.linkedin.com/jobs/view/3963432711/
"Desenvolvedor (a) de Software JAVA Sênior
Desenvolvedor (a) de Software JAVA Sênior with verification",Stefanini Brasil,https://www.linkedin.com/jobs/view/3959938572/
"Firmware Design Engineer
Firmware Design Engineer with verification",Wabtec Corporation,https://www.linkedin.com/jobs/view/3939289488/
"Analista de Riscos de TI, Cyber e GCN - Júnior
Analista de Riscos de TI, Cyber e GCN - Júnior",Banco Mercantil,https://www.linkedin.com/jobs/view/3967887852/
"Instrutor de TI
Instrutor de TI",Grau Técnico,https://www.linkedin.com/jobs/view/3967908368/
"Arquiteto de Soluções I (Belo Horizonte-MG) Belo Horizonte - MG Efetivo
Arquiteto de Soluções I (Belo Horizonte-MG) Belo Horizonte - MG Efetivo",Stefanini Brasil,https://www.linkedin.com/jobs/view/3968584402/
"Pessoa Desenvolvedora Pleno - Python (Híbrido/BH)
Pessoa Desenvolvedora Pleno - Python (Híbrido/BH)",BHS,https://www.linkedin.com/jobs/view/3965181101/
"Desenvolvedor(a) Java Pleno/Sênior - PRESENCIAL (Belo Horizonte-BH)
Desenvolvedor(a) Java Pleno/Sênior - PRESENCIAL (Belo Horizonte-BH)",Cedro Technologies,https://www.linkedin.com/jobs/view/3959579586/
"Full Stack Developer Júnior - React e Node.js
Full Stack Developer Júnior - React e Node.js with verification",Inter,https://www.linkedin.com/jobs/view/3969238907/
"Software Engineer II
Software Engineer II with verification",Cadence Design Systems,https://www.linkedin.com/jobs/view/3814738911/
"Programador Pleno
Programador Pleno",TWT Info,https://www.linkedin.com/jobs/view/3960635001/
"Desenvolvedor Back End Senior
Desenvolvedor Back End Senior",Lojas REDE,https://www.linkedin.com/jobs/view/3959576822/
"Pessoa Desenvolvedora - Flutter / Belo Horizonte
Pessoa Desenvolvedora - Flutter / Belo Horizonte",Raro Labs,https://www.linkedin.com/jobs/view/3959120887/
"ANALISTA DE SISTEMAS SENIOR
ANALISTA DE SISTEMAS SENIOR",Alvoar Lácteos,https://www.linkedin.com/jobs/view/3966728394/
"Pessoa Desenvolvedora Node.js Pleno/Sênior (Presencial BH)
Pessoa Desenvolvedora Node.js Pleno/Sênior (Presencial BH)",Raro Labs,https://www.linkedin.com/jobs/view/3960146739/
"Pessoa Desenvolvedora Back-end Sênior - Squad de Payments Belo Horizonte - MG e Híbrido Efetivo
Pessoa Desenvolvedora Back-end Sênior - Squad de Payments Belo Horizonte - MG e Híbrido Efetivo",Queima Diária,https://www.linkedin.com/jobs/view/3955780604/
"Analista Desenvolvedor de Sistemas Sênior- Contagem
Analista Desenvolvedor de Sistemas Sênior- Contagem",Grupo Bamaq,https://www.linkedin.com/jobs/view/3961320839/
"Desenvolvedor de software - especialista C++ (Sênior)
Desenvolvedor de software - especialista C++ (Sênior)",Fundação para Inovações Tecnológicas - FITec,https://www.linkedin.com/jobs/view/3968518512/
"Tech Lead
Tech Lead",Grupo Fácil,https://www.linkedin.com/jobs/view/3950751071/
"Analista de Desenvolvimento Pleno - ERP (TOTVS) - Belo Horizonte - MG
Analista de Desenvolvimento Pleno - ERP (TOTVS) - Belo Horizonte - MG",Sistema Batista Mineiro de Educação,https://www.linkedin.com/jobs/view/3954904368/
"Senior Unreal Engineer
Senior Unreal Engineer",Hype Joe Games,https://www.linkedin.com/jobs/view/3970071470/
"Desenvolvedor Backend - Belo Horizonte/MG
Desenvolvedor Backend - Belo Horizonte/MG",LLZ SOLUÇÃO COBRANÇA,https://www.linkedin.com/jobs/view/3948603214/
"Analista Desenvolvedor
Analista Desenvolvedor",Radartec,https://www.linkedin.com/jobs/view/3950333854/
"Senior Application Architect
Senior Application Architect with verification",Wabtec Corporation,https://www.linkedin.com/jobs/view/3889901022/
"Analista de Desenvolvimento Sênior
Analista de Desenvolvimento Sênior",DATORA,https://www.linkedin.com/jobs/view/3956434121/
"Desenvolvedor Power Platform Sr.
Desenvolvedor Power Platform Sr.",Vetta,https://www.linkedin.com/jobs/view/3962200813/
"Analista de TI
Analista de TI",Esteio Superatacado,https://www.linkedin.com/jobs/view/3966421705/
"Arquiteto de Sistema Java
Arquiteto de Sistema Java","Empresa de grande porte, de economia mista de TI em Minas Geraís.",https://www.linkedin.com/jobs/view/3964320949/
"Orientador
Orientador",Auto Park Estacionamentos,https://www.linkedin.com/jobs/view/3963170877/
"Engenheiro de Produção-Analista de Desenvolvimento de Sistemas
Engenheiro de Produção-Analista de Desenvolvimento de Sistemas",Seleção Engenharia,https://www.linkedin.com/jobs/view/3959046546/
"Pessoa desenvolvedora node js pleno senior presencial bh
Pessoa desenvolvedora node js pleno senior presencial bh",Netvagas,https://www.linkedin.com/jobs/view/3966851038/
"Analista de Sistemas
Analista de Sistemas",Salesiano,https://www.linkedin.com/jobs/view/3957846057/
"IT ENGINEER LEAD | VAGA AFIRMATIVA PARA MULHERES (HÍBRIDO)
IT ENGINEER LEAD | VAGA AFIRMATIVA PARA MULHERES (HÍBRIDO)",Localiza&Co,https://www.linkedin.com/jobs/view/3952742154/
"Engenheiro de Software Sênior (Front-End)
Engenheiro de Software Sênior (Front-End)",Siteware,https://www.linkedin.com/jobs/view/3963151819/
"Instrutor - Técnico em Informática | Contagem
Instrutor - Técnico em Informática | Contagem",Senac Minas,https://www.linkedin.com/jobs/view/3970519072/
"Desenvolvedor fullstack pleno senior
Desenvolvedor fullstack pleno senior",Netvagas,https://www.linkedin.com/jobs/view/3967128879/
"Desenvolvedor PHP sênior
Desenvolvedor PHP sênior",GOSAT,https://www.linkedin.com/jobs/view/3964906532/
"Desenvolvedor ABAP
Desenvolvedor ABAP",Grupo Regazzo,https://www.linkedin.com/jobs/view/3948155605/
"Desenvolvedor PHP sênior
Desenvolvedor PHP sênior",BrLight - Serviços e Consultoria em Software Público,https://www.linkedin.com/jobs/view/3966978676/
"Líder técnico da web .Net Core C#
Líder técnico da web .Net Core C#",Abax Sistemas,https://www.linkedin.com/jobs/view/3508482932/
"Técnico Em Atm - Bh E Região
Técnico Em Atm - Bh E Região",Safebox - Conceito Holding,https://www.linkedin.com/jobs/view/3963637016/
"Desenvolvedor .NET
Desenvolvedor .NET",actdigital,https://www.linkedin.com/jobs/view/3967453357/
"Desenvolvedor Java Sênior
Desenvolvedor Java Sênior",Venture People,https://www.linkedin.com/jobs/view/3968680110/
"Desenvolvedor Lider .Net C#
Desenvolvedor Lider .Net C#",Mais Talentos Recursos Humanos,https://www.linkedin.com/jobs/view/3970038301/
